,1,2,3,4,5,6,7,8,9
A,379.0,66.0,167.0,898.0,13190.0,1075.0,6092.0,14247.0,161.0
R,833.0,1467.0,912.0,70.0,591.0,272.0,269.0,123.0,17.0
N,4813.0,3.0,498.0,1202.0,151.0,224.0,72.0,212.0,1.0
D,1.0,10.0,459.0,1203.0,302.0,44.0,78.0,100.0,0.0
C,1516.0,15.0,1600.0,86.0,1270.0,1489.0,10.0,309.0,65.0
Q,149.0,16.0,216.0,103.0,48.0,74.0,13625.0,140.0,0.0
E,45.0,140.0,430.0,168.0,645.0,29.0,71.0,224.0,0.0
G,3708.0,3.0,13267.0,16205.0,1108.0,140.0,25.0,413.0,3.0
H,57.0,13.0,142.0,382.0,278.0,152.0,274.0,205.0,4.0
I,1137.0,2738.0,116.0,390.0,168.0,321.0,384.0,714.0,367.0
L,1376.0,22102.0,2952.0,1490.0,2002.0,13855.0,799.0,792.0,6103.0
K,13336.0,0.0,172.0,104.0,419.0,9.0,205.0,171.0,14324.0
M,115.0,325.0,128.0,217.0,4845.0,248.0,1061.0,1445.0,179.0
F,894.0,157.0,285.0,36.0,3325.0,241.0,2945.0,201.0,620.0
P,0.0,748.0,196.0,5398.0,90.0,1304.0,428.0,237.0,0.0
S,376.0,97.0,230.0,299.0,120.0,932.0,179.0,266.0,2.0
T,163.0,658.0,829.0,1238.0,171.0,382.0,483.0,7533.0,123.0
W,5.0,2.0,1060.0,144.0,290.0,48.0,231.0,26.0,53.0
Y,384.0,146.0,177.0,84.0,308.0,61.0,1537.0,402.0,720.0
V,540.0,1121.0,5991.0,110.0,506.0,8927.0,1059.0,2067.0,7085.0
